variable,poly_r2,logi_Smax,logi_k,logi_t0
length_m,0.8950009848062681,157.35728528990003,0.017993495909769952,80.87915842411705
wingspan_m,0.8731896902040361,226.21194098735285,0.01171379715293531,125.58273910736577
height_m,0.8891848734614736,62.35122536763339,0.015166485220427744,143.21355379393287
